City,Category,Brand,Sub Brand,Product Name,Month,Volume Sales (units)
Bangalore,Personal Care,WellZen,Pro,Vitamin C Tablets,2024-06,1340
Bangalore,Personal Care,WellZen,Pro,Vitamin C Tablets,2024-07,1260
Bangalore,Personal Care,WellZen,Pro,Vitamin C Tablets,2024-08,953
Bangalore,Personal Care,WellZen,Pro,Vitamin C Tablets,2024-09,1294
Bangalore,Personal Care,WellZen,Pro,Vitamin C Tablets,2024-10,1224
Bangalore,Personal Care,WellZen,Pro,Vitamin C Tablets,2024-11,1450
Bangalore,Personal Care,WellZen,Pro,Vitamin C Tablets,2024-12,1279
Bangalore,Personal Care,WellZen,Pro,Vitamin C Tablets,2025-01,1352
Bangalore,Personal Care,WellZen,Pro,Vitamin C Tablets,2025-02,1358
Bangalore,Personal Care,WellZen,Pro,Vitamin C Tablets,2025-03,1434
Bangalore,Personal Care,WellZen,Pro,Vitamin C Tablets,2025-04,1416
Bangalore,Personal Care,WellZen,Pro,Vitamin C Tablets,2025-05,1474
Chennai,Vitamins,HealthPlus,Pro,Omega 3 Capsules,2021-06,1294
Chennai,Vitamins,HealthPlus,Pro,Omega 3 Capsules,2021-07,1269
Chennai,Vitamins,HealthPlus,Pro,Omega 3 Capsules,2021-08,1341
Chennai,Vitamins,HealthPlus,Pro,Omega 3 Capsules,2021-09,1211
Chennai,Vitamins,HealthPlus,Pro,Omega 3 Capsules,2021-10,1252
Chennai,Vitamins,HealthPlus,Pro,Omega 3 Capsules,2021-11,1318
Chennai,Vitamins,HealthPlus,Pro,Omega 3 Capsules,2021-12,1305
Chennai,Vitamins,HealthPlus,Pro,Omega 3 Capsules,2022-01,1451
Chennai,Vitamins,HealthPlus,Pro,Omega 3 Capsules,2022-02,1398
Chennai,Vitamins,HealthPlus,Pro,Omega 3 Capsules,2022-03,1313
Chennai,Vitamins,HealthPlus,Pro,Omega 3 Capsules,2022-04,1417
Chennai,Vitamins,HealthPlus,Pro,Omega 3 Capsules,2022-05,1410
Chennai,Vitamins,HealthPlus,Pro,Omega 3 Capsules,2022-06,1309
Chennai,Vitamins,HealthPlus,Pro,Omega 3 Capsules,2022-07,1270
Chennai,Vitamins,HealthPlus,Pro,Omega 3 Capsules,2022-08,1449
Chennai,Vitamins,HealthPlus,Pro,Omega 3 Capsules,2022-09,1504
Chennai,Vitamins,HealthPlus,Pro,Omega 3 Capsules,2022-10,1409
Chennai,Vitamins,HealthPlus,Pro,Omega 3 Capsules,2022-11,1540
Chennai,Vitamins,HealthPlus,Pro,Omega 3 Capsules,2022-12,1164
Chennai,Vitamins,HealthPlus,Pro,Omega 3 Capsules,2023-01,1411
Chennai,Vitamins,HealthPlus,Pro,Omega 3 Capsules,2023-02,1399
Chennai,Vitamins,HealthPlus,Pro,Omega 3 Capsules,2023-03,1613
Chennai,Vitamins,HealthPlus,Pro,Omega 3 Capsules,2023-04,1340
Chennai,Vitamins,HealthPlus,Pro,Omega 3 Capsules,2023-05,1407
Chennai,Vitamins,HealthPlus,Pro,Omega 3 Capsules,2023-06,1316
Chennai,Vitamins,HealthPlus,Pro,Omega 3 Capsules,2023-07,1563
Chennai,Vitamins,HealthPlus,Pro,Omega 3 Capsules,2023-08,1335
Chennai,Vitamins,HealthPlus,Pro,Omega 3 Capsules,2023-09,1457
Hyderabad,Personal Care,FitGen,Ultra,Protein Powder,2020-01,871
Hyderabad,Personal Care,FitGen,Ultra,Protein Powder,2020-02,835
Hyderabad,Personal Care,FitGen,Ultra,Protein Powder,2020-03,689
Hyderabad,Personal Care,FitGen,Ultra,Protein Powder,2020-04,858
Hyderabad,Personal Care,FitGen,Ultra,Protein Powder,2020-05,795
Hyderabad,Personal Care,FitGen,Ultra,Protein Powder,2020-06,872
Hyderabad,Personal Care,FitGen,Ultra,Protein Powder,2020-07,926
Hyderabad,Personal Care,FitGen,Ultra,Protein Powder,2020-08,647
Hyderabad,Personal Care,FitGen,Ultra,Protein Powder,2020-09,673
Hyderabad,Personal Care,FitGen,Ultra,Protein Powder,2020-10,981
Hyderabad,Personal Care,FitGen,Ultra,Protein Powder,2020-11,781
Hyderabad,Personal Care,FitGen,Ultra,Protein Powder,2020-12,808
Hyderabad,Personal Care,FitGen,Ultra,Protein Powder,2021-01,880
Hyderabad,Personal Care,FitGen,Ultra,Protein Powder,2021-02,800
Hyderabad,Personal Care,FitGen,Ultra,Protein Powder,2021-03,882
Hyderabad,Personal Care,FitGen,Ultra,Protein Powder,2021-04,938
Hyderabad,Personal Care,FitGen,Ultra,Protein Powder,2021-05,834
Hyderabad,Personal Care,FitGen,Ultra,Protein Powder,2021-06,823
Hyderabad,Personal Care,FitGen,Ultra,Protein Powder,2021-07,957
Hyderabad,Personal Care,FitGen,Ultra,Protein Powder,2021-08,852
Hyderabad,Personal Care,FitGen,Ultra,Protein Powder,2021-09,896
Hyderabad,Personal Care,FitGen,Ultra,Protein Powder,2021-10,890
Hyderabad,Personal Care,FitGen,Ultra,Protein Powder,2021-11,966
Hyderabad,Personal Care,FitGen,Ultra,Protein Powder,2021-12,830
Hyderabad,Personal Care,FitGen,Ultra,Protein Powder,2022-01,916
Hyderabad,Personal Care,FitGen,Ultra,Protein Powder,2022-02,866
Hyderabad,Personal Care,FitGen,Ultra,Protein Powder,2022-03,899
Hyderabad,Personal Care,FitGen,Ultra,Protein Powder,2022-04,890
Hyderabad,Personal Care,FitGen,Ultra,Protein Powder,2022-05,854
Hyderabad,Personal Care,FitGen,Ultra,Protein Powder,2022-06,826
Hyderabad,Personal Care,FitGen,Ultra,Protein Powder,2022-07,905
Hyderabad,Personal Care,FitGen,Ultra,Protein Powder,2022-08,818
Hyderabad,Personal Care,FitGen,Ultra,Protein Powder,2022-09,748
Hyderabad,Personal Care,FitGen,Ultra,Protein Powder,2022-10,745
Hyderabad,Personal Care,FitGen,Ultra,Protein Powder,2022-11,796
Hyderabad,Personal Care,FitGen,Ultra,Protein Powder,2022-12,696
Hyderabad,Personal Care,FitGen,Ultra,Protein Powder,2023-01,758
Hyderabad,Personal Care,FitGen,Ultra,Protein Powder,2023-02,878
Hyderabad,Personal Care,FitGen,Ultra,Protein Powder,2023-03,969
Hyderabad,Personal Care,FitGen,Ultra,Protein Powder,2023-04,941
Hyderabad,Personal Care,FitGen,Ultra,Protein Powder,2023-05,850
Hyderabad,Personal Care,FitGen,Ultra,Protein Powder,2023-06,1017
Hyderabad,Personal Care,FitGen,Ultra,Protein Powder,2023-07,844
Hyderabad,Personal Care,FitGen,Ultra,Protein Powder,2023-08,812
Hyderabad,Personal Care,FitGen,Ultra,Protein Powder,2023-09,765
Hyderabad,Personal Care,FitGen,Ultra,Protein Powder,2023-10,950
Hyderabad,Personal Care,FitGen,Ultra,Protein Powder,2023-11,771
Hyderabad,Personal Care,FitGen,Ultra,Protein Powder,2023-12,948
Hyderabad,Personal Care,FitGen,Ultra,Protein Powder,2024-01,862
Hyderabad,Personal Care,FitGen,Ultra,Protein Powder,2024-02,1035
Hyderabad,Personal Care,FitGen,Ultra,Protein Powder,2024-03,878
Hyderabad,Personal Care,FitGen,Ultra,Protein Powder,2024-04,735
Hyderabad,Personal Care,FitGen,Ultra,Protein Powder,2024-05,784
Hyderabad,Personal Care,FitGen,Ultra,Protein Powder,2024-06,902
Hyderabad,Personal Care,FitGen,Ultra,Protein Powder,2024-07,899
Hyderabad,Personal Care,FitGen,Ultra,Protein Powder,2024-08,978
Hyderabad,Personal Care,FitGen,Ultra,Protein Powder,2024-09,911
Hyderabad,Personal Care,FitGen,Ultra,Protein Powder,2024-10,702
Hyderabad,Personal Care,FitGen,Ultra,Protein Powder,2024-11,938
Hyderabad,Personal Care,FitGen,Ultra,Protein Powder,2024-12,965
Hyderabad,Personal Care,FitGen,Ultra,Protein Powder,2025-01,906
Hyderabad,Personal Care,FitGen,Ultra,Protein Powder,2025-02,1061
Hyderabad,Personal Care,FitGen,Ultra,Protein Powder,2025-03,917
Hyderabad,Personal Care,FitGen,Ultra,Protein Powder,2025-04,965
Hyderabad,Personal Care,FitGen,Ultra,Protein Powder,2025-05,872
Hyderabad,Personal Care,FitGen,Ultra,Protein Powder,2025-06,1032
Hyderabad,Supplements,HealthPlus,Pro,Face Moisturizer,2020-01,1154
Hyderabad,Supplements,HealthPlus,Pro,Face Moisturizer,2020-02,1364
Hyderabad,Supplements,HealthPlus,Pro,Face Moisturizer,2020-03,1302
Hyderabad,Supplements,HealthPlus,Pro,Face Moisturizer,2020-04,1394
Hyderabad,Supplements,HealthPlus,Pro,Face Moisturizer,2020-05,1219
Hyderabad,Supplements,HealthPlus,Pro,Face Moisturizer,2020-06,1257
Hyderabad,Supplements,HealthPlus,Pro,Face Moisturizer,2020-07,1267
Hyderabad,Supplements,HealthPlus,Pro,Face Moisturizer,2020-08,1217
Hyderabad,Supplements,HealthPlus,Pro,Face Moisturizer,2020-09,1452
Hyderabad,Supplements,HealthPlus,Pro,Face Moisturizer,2020-10,1333
Hyderabad,Supplements,HealthPlus,Pro,Face Moisturizer,2020-11,1403
Hyderabad,Supplements,HealthPlus,Pro,Face Moisturizer,2020-12,1370
Hyderabad,Supplements,HealthPlus,Pro,Face Moisturizer,2021-01,1320
Hyderabad,Supplements,HealthPlus,Pro,Face Moisturizer,2021-02,1488
Hyderabad,Supplements,HealthPlus,Pro,Face Moisturizer,2021-03,1281
Hyderabad,Supplements,HealthPlus,Pro,Face Moisturizer,2021-04,1525
Hyderabad,Supplements,HealthPlus,Pro,Face Moisturizer,2021-05,1354
Hyderabad,Supplements,HealthPlus,Pro,Face Moisturizer,2021-06,1294
Hyderabad,Supplements,HealthPlus,Pro,Face Moisturizer,2021-07,1340
Hyderabad,Supplements,HealthPlus,Pro,Face Moisturizer,2021-08,1377
Hyderabad,Supplements,HealthPlus,Pro,Face Moisturizer,2021-09,1362
Hyderabad,Supplements,HealthPlus,Pro,Face Moisturizer,2021-10,1409
Hyderabad,Supplements,HealthPlus,Pro,Face Moisturizer,2021-11,1375
Hyderabad,Supplements,HealthPlus,Pro,Face Moisturizer,2021-12,1173
Hyderabad,Supplements,HealthPlus,Pro,Face Moisturizer,2022-01,1317
Hyderabad,Supplements,HealthPlus,Pro,Face Moisturizer,2022-02,1274
Hyderabad,Supplements,HealthPlus,Pro,Face Moisturizer,2022-03,1342
Hyderabad,Supplements,HealthPlus,Pro,Face Moisturizer,2022-04,1229
Hyderabad,Supplements,HealthPlus,Pro,Face Moisturizer,2022-05,1369
Hyderabad,Supplements,HealthPlus,Pro,Face Moisturizer,2022-06,1575
Hyderabad,Supplements,HealthPlus,Pro,Face Moisturizer,2022-07,1258
Hyderabad,Supplements,HealthPlus,Pro,Face Moisturizer,2022-08,1240
Hyderabad,Supplements,HealthPlus,Pro,Face Moisturizer,2022-09,1245
Hyderabad,Supplements,HealthPlus,Pro,Face Moisturizer,2022-10,1522
Hyderabad,Supplements,HealthPlus,Pro,Face Moisturizer,2022-11,1332
Hyderabad,Supplements,HealthPlus,Pro,Face Moisturizer,2022-12,1367
Hyderabad,Supplements,HealthPlus,Pro,Face Moisturizer,2023-01,1261
Hyderabad,Supplements,HealthPlus,Pro,Face Moisturizer,2023-02,1529
Hyderabad,Supplements,HealthPlus,Pro,Face Moisturizer,2023-03,1437
Hyderabad,Supplements,HealthPlus,Pro,Face Moisturizer,2023-04,1442
Hyderabad,Supplements,HealthPlus,Pro,Face Moisturizer,2023-05,1281
Hyderabad,Supplements,HealthPlus,Pro,Face Moisturizer,2023-06,1354
Hyderabad,Supplements,HealthPlus,Pro,Face Moisturizer,2023-07,1512
Hyderabad,Supplements,HealthPlus,Pro,Face Moisturizer,2023-08,1279
Hyderabad,Supplements,HealthPlus,Pro,Face Moisturizer,2023-09,1534
Hyderabad,Supplements,HealthPlus,Pro,Face Moisturizer,2023-10,1296
Hyderabad,Supplements,HealthPlus,Pro,Face Moisturizer,2023-11,1476
Hyderabad,Supplements,HealthPlus,Pro,Face Moisturizer,2023-12,1517
Hyderabad,Supplements,HealthPlus,Pro,Face Moisturizer,2024-01,1241
Hyderabad,Supplements,HealthPlus,Pro,Face Moisturizer,2024-02,1505
Hyderabad,Supplements,HealthPlus,Pro,Face Moisturizer,2024-03,1514
Hyderabad,Supplements,HealthPlus,Pro,Face Moisturizer,2024-04,1517
Hyderabad,Supplements,HealthPlus,Pro,Face Moisturizer,2024-05,1508
Hyderabad,Supplements,HealthPlus,Pro,Face Moisturizer,2024-06,1457
Hyderabad,Supplements,HealthPlus,Pro,Face Moisturizer,2024-07,1472
Hyderabad,Supplements,HealthPlus,Pro,Face Moisturizer,2024-08,1361
Hyderabad,Supplements,HealthPlus,Pro,Face Moisturizer,2024-09,1463
Hyderabad,Supplements,HealthPlus,Pro,Face Moisturizer,2024-10,1290
Hyderabad,Supplements,HealthPlus,Pro,Face Moisturizer,2024-11,1522
Hyderabad,Supplements,HealthPlus,Pro,Face Moisturizer,2024-12,1299
Hyderabad,Supplements,HealthPlus,Pro,Face Moisturizer,2025-01,1311
Hyderabad,Supplements,HealthPlus,Pro,Face Moisturizer,2025-02,1549
Hyderabad,Supplements,HealthPlus,Pro,Face Moisturizer,2025-03,1458
Hyderabad,Supplements,HealthPlus,Pro,Face Moisturizer,2025-04,1426
Hyderabad,Supplements,HealthPlus,Pro,Face Moisturizer,2025-05,1521
Hyderabad,Supplements,HealthPlus,Pro,Face Moisturizer,2025-06,1426
Hyderabad,Supplements,PureLife,Ultra,Hair Growth Serum,2020-01,1144
Hyderabad,Supplements,PureLife,Ultra,Hair Growth Serum,2020-02,1007
Hyderabad,Supplements,PureLife,Ultra,Hair Growth Serum,2020-03,1213
Hyderabad,Supplements,PureLife,Ultra,Hair Growth Serum,2020-04,1127
Hyderabad,Supplements,PureLife,Ultra,Hair Growth Serum,2020-05,913
Hyderabad,Supplements,PureLife,Ultra,Hair Growth Serum,2020-06,941
Hyderabad,Supplements,PureLife,Ultra,Hair Growth Serum,2020-07,1084
Hyderabad,Supplements,PureLife,Ultra,Hair Growth Serum,2020-08,938
Hyderabad,Supplements,PureLife,Ultra,Hair Growth Serum,2020-09,1025
Hyderabad,Supplements,PureLife,Ultra,Hair Growth Serum,2020-10,997
Hyderabad,Supplements,PureLife,Ultra,Hair Growth Serum,2020-11,1118
Hyderabad,Supplements,PureLife,Ultra,Hair Growth Serum,2020-12,1175
Hyderabad,Supplements,PureLife,Ultra,Hair Growth Serum,2021-01,968
Hyderabad,Supplements,PureLife,Ultra,Hair Growth Serum,2021-02,1084
Hyderabad,Supplements,PureLife,Ultra,Hair Growth Serum,2021-03,957
Hyderabad,Supplements,PureLife,Ultra,Hair Growth Serum,2021-04,1074
Hyderabad,Supplements,PureLife,Ultra,Hair Growth Serum,2021-05,1231
Hyderabad,Supplements,PureLife,Ultra,Hair Growth Serum,2021-06,1023
Hyderabad,Supplements,PureLife,Ultra,Hair Growth Serum,2021-07,903
Hyderabad,Supplements,PureLife,Ultra,Hair Growth Serum,2021-08,1013
Hyderabad,Supplements,PureLife,Ultra,Hair Growth Serum,2021-09,1188
Hyderabad,Supplements,PureLife,Ultra,Hair Growth Serum,2021-10,1110
Hyderabad,Supplements,PureLife,Ultra,Hair Growth Serum,2021-11,1231
Hyderabad,Supplements,PureLife,Ultra,Hair Growth Serum,2021-12,1208
Hyderabad,Supplements,PureLife,Ultra,Hair Growth Serum,2022-01,1193
Hyderabad,Supplements,PureLife,Ultra,Hair Growth Serum,2022-02,919
Hyderabad,Supplements,PureLife,Ultra,Hair Growth Serum,2022-03,958
Hyderabad,Supplements,PureLife,Ultra,Hair Growth Serum,2022-04,1023
Hyderabad,Supplements,PureLife,Ultra,Hair Growth Serum,2022-05,1370
Hyderabad,Supplements,PureLife,Ultra,Hair Growth Serum,2022-06,1125
Hyderabad,Supplements,PureLife,Ultra,Hair Growth Serum,2022-07,1138
Hyderabad,Supplements,PureLife,Ultra,Hair Growth Serum,2022-08,1343
Hyderabad,Supplements,PureLife,Ultra,Hair Growth Serum,2022-09,1090
Hyderabad,Supplements,PureLife,Ultra,Hair Growth Serum,2022-10,1146
Hyderabad,Supplements,PureLife,Ultra,Hair Growth Serum,2022-11,1166
Hyderabad,Supplements,PureLife,Ultra,Hair Growth Serum,2022-12,858
Hyderabad,Supplements,PureLife,Ultra,Hair Growth Serum,2023-01,1176
Hyderabad,Supplements,PureLife,Ultra,Hair Growth Serum,2023-02,1149
Hyderabad,Supplements,PureLife,Ultra,Hair Growth Serum,2023-03,1086
Hyderabad,Supplements,PureLife,Ultra,Hair Growth Serum,2023-04,1160
Hyderabad,Supplements,PureLife,Ultra,Hair Growth Serum,2023-05,1305
Hyderabad,Supplements,PureLife,Ultra,Hair Growth Serum,2023-06,1240
Hyderabad,Supplements,PureLife,Ultra,Hair Growth Serum,2023-07,1208
Hyderabad,Supplements,PureLife,Ultra,Hair Growth Serum,2023-08,1131
Hyderabad,Supplements,PureLife,Ultra,Hair Growth Serum,2023-09,1344
Hyderabad,Supplements,PureLife,Ultra,Hair Growth Serum,2023-10,1033
Hyderabad,Supplements,PureLife,Ultra,Hair Growth Serum,2023-11,1206
Hyderabad,Supplements,PureLife,Ultra,Hair Growth Serum,2023-12,1168
Hyderabad,Supplements,PureLife,Ultra,Hair Growth Serum,2024-01,1180
Hyderabad,Supplements,PureLife,Ultra,Hair Growth Serum,2024-02,1319
Hyderabad,Supplements,PureLife,Ultra,Hair Growth Serum,2024-03,1119
Hyderabad,Supplements,PureLife,Ultra,Hair Growth Serum,2024-04,1080
Hyderabad,Supplements,PureLife,Ultra,Hair Growth Serum,2024-05,1158
Hyderabad,Supplements,PureLife,Ultra,Hair Growth Serum,2024-06,1145
Hyderabad,Supplements,PureLife,Ultra,Hair Growth Serum,2024-07,1173
Hyderabad,Supplements,PureLife,Ultra,Hair Growth Serum,2024-08,1108
Hyderabad,Supplements,PureLife,Ultra,Hair Growth Serum,2024-09,1101
Hyderabad,Supplements,PureLife,Ultra,Hair Growth Serum,2024-10,1256
Hyderabad,Supplements,PureLife,Ultra,Hair Growth Serum,2024-11,1200
Hyderabad,Supplements,PureLife,Ultra,Hair Growth Serum,2024-12,1211
Hyderabad,Supplements,PureLife,Ultra,Hair Growth Serum,2025-01,1367
Hyderabad,Supplements,PureLife,Ultra,Hair Growth Serum,2025-02,1255
Hyderabad,Supplements,PureLife,Ultra,Hair Growth Serum,2025-03,1328
Hyderabad,Supplements,PureLife,Ultra,Hair Growth Serum,2025-04,984
Hyderabad,Supplements,PureLife,Ultra,Hair Growth Serum,2025-05,1221
Hyderabad,Supplements,PureLife,Ultra,Hair Growth Serum,2025-06,1292
Mumbai,Supplements,NutriCore,Daily,Electrolyte Drink,2020-01,1102
Mumbai,Supplements,NutriCore,Daily,Electrolyte Drink,2020-02,1083
Mumbai,Supplements,NutriCore,Daily,Electrolyte Drink,2020-03,1017
Mumbai,Supplements,NutriCore,Daily,Electrolyte Drink,2020-04,1061
Mumbai,Supplements,NutriCore,Daily,Electrolyte Drink,2020-05,1141
Mumbai,Supplements,NutriCore,Daily,Electrolyte Drink,2020-06,922
Mumbai,Supplements,NutriCore,Daily,Electrolyte Drink,2020-07,1252
Mumbai,Supplements,NutriCore,Daily,Electrolyte Drink,2020-08,1077
Mumbai,Supplements,NutriCore,Daily,Electrolyte Drink,2020-09,1191
Mumbai,Supplements,NutriCore,Daily,Electrolyte Drink,2020-10,1103
Mumbai,Supplements,NutriCore,Daily,Electrolyte Drink,2020-11,1264
Mumbai,Supplements,NutriCore,Daily,Electrolyte Drink,2020-12,1056
Mumbai,Supplements,NutriCore,Daily,Electrolyte Drink,2021-01,1028
Mumbai,Supplements,NutriCore,Daily,Electrolyte Drink,2021-02,1309
Mumbai,Supplements,NutriCore,Daily,Electrolyte Drink,2021-03,1108
Mumbai,Supplements,NutriCore,Daily,Electrolyte Drink,2021-04,1100
Mumbai,Supplements,NutriCore,Daily,Electrolyte Drink,2021-05,1325
Mumbai,Supplements,NutriCore,Daily,Electrolyte Drink,2021-06,1062
Mumbai,Supplements,NutriCore,Daily,Electrolyte Drink,2021-07,1306
Mumbai,Supplements,NutriCore,Daily,Electrolyte Drink,2021-08,1234
Mumbai,Supplements,NutriCore,Daily,Electrolyte Drink,2021-09,1137
Mumbai,Supplements,NutriCore,Daily,Electrolyte Drink,2021-10,1191
Mumbai,Supplements,NutriCore,Daily,Electrolyte Drink,2021-11,1206
Mumbai,Supplements,NutriCore,Daily,Electrolyte Drink,2021-12,1058
Mumbai,Supplements,NutriCore,Daily,Electrolyte Drink,2022-01,1350
Mumbai,Supplements,NutriCore,Daily,Electrolyte Drink,2022-02,1144
Mumbai,Supplements,NutriCore,Daily,Electrolyte Drink,2022-03,1256
Mumbai,Supplements,NutriCore,Daily,Electrolyte Drink,2022-04,1257
Mumbai,Supplements,NutriCore,Daily,Electrolyte Drink,2022-05,1288
Mumbai,Supplements,NutriCore,Daily,Electrolyte Drink,2022-06,1022
Mumbai,Supplements,NutriCore,Daily,Electrolyte Drink,2022-07,1183
Mumbai,Supplements,NutriCore,Daily,Electrolyte Drink,2022-08,1114
Mumbai,Supplements,NutriCore,Daily,Electrolyte Drink,2022-09,1184
Mumbai,Supplements,NutriCore,Daily,Electrolyte Drink,2022-10,1222
Mumbai,Supplements,NutriCore,Daily,Electrolyte Drink,2022-11,1077
Mumbai,Supplements,NutriCore,Daily,Electrolyte Drink,2022-12,1287
Mumbai,Supplements,NutriCore,Daily,Electrolyte Drink,2023-01,1364
Mumbai,Supplements,NutriCore,Daily,Electrolyte Drink,2023-02,1234
Mumbai,Supplements,NutriCore,Daily,Electrolyte Drink,2023-03,1127
Mumbai,Supplements,NutriCore,Daily,Electrolyte Drink,2023-04,1239
Mumbai,Supplements,NutriCore,Daily,Electrolyte Drink,2023-05,973
Mumbai,Supplements,NutriCore,Daily,Electrolyte Drink,2023-06,1300
Mumbai,Supplements,NutriCore,Daily,Electrolyte Drink,2023-07,1447
Mumbai,Supplements,NutriCore,Daily,Electrolyte Drink,2023-08,1321
Mumbai,Supplements,NutriCore,Daily,Electrolyte Drink,2023-09,1253
Mumbai,Supplements,NutriCore,Daily,Electrolyte Drink,2023-10,1147
Mumbai,Supplements,NutriCore,Daily,Electrolyte Drink,2023-11,1271
Mumbai,Supplements,NutriCore,Daily,Electrolyte Drink,2023-12,1365
Mumbai,Supplements,NutriCore,Daily,Electrolyte Drink,2024-01,1013
Mumbai,Supplements,NutriCore,Daily,Electrolyte Drink,2024-02,1332
Mumbai,Supplements,NutriCore,Daily,Electrolyte Drink,2024-03,1318
Mumbai,Supplements,NutriCore,Daily,Electrolyte Drink,2024-04,1389
Mumbai,Supplements,NutriCore,Daily,Electrolyte Drink,2024-05,1278
Mumbai,Supplements,NutriCore,Daily,Electrolyte Drink,2024-06,1305
Mumbai,Supplements,NutriCore,Daily,Electrolyte Drink,2024-07,1286
Mumbai,Supplements,NutriCore,Daily,Electrolyte Drink,2024-08,1397
Mumbai,Supplements,NutriCore,Daily,Electrolyte Drink,2024-09,1293
Mumbai,Supplements,NutriCore,Daily,Electrolyte Drink,2024-10,1374
Mumbai,Supplements,NutriCore,Daily,Electrolyte Drink,2024-11,1308
Mumbai,Supplements,NutriCore,Daily,Electrolyte Drink,2024-12,1460
Mumbai,Supplements,NutriCore,Daily,Electrolyte Drink,2025-01,1305
Mumbai,Supplements,NutriCore,Daily,Electrolyte Drink,2025-02,1083
Mumbai,Supplements,NutriCore,Daily,Electrolyte Drink,2025-03,1233
Mumbai,Supplements,NutriCore,Daily,Electrolyte Drink,2025-04,1283
Mumbai,Supplements,NutriCore,Daily,Electrolyte Drink,2025-05,1380
Mumbai,Supplements,NutriCore,Daily,Electrolyte Drink,2025-06,1378
Mumbai,Supplements,FitGen,Max,Calcium Tablets,2020-01,1458
Mumbai,Supplements,FitGen,Max,Calcium Tablets,2020-02,1580
Mumbai,Supplements,FitGen,Max,Calcium Tablets,2020-03,1450
Mumbai,Supplements,FitGen,Max,Calcium Tablets,2020-04,1535
Mumbai,Supplements,FitGen,Max,Calcium Tablets,2020-05,1455
Mumbai,Supplements,FitGen,Max,Calcium Tablets,2020-06,1605
Mumbai,Supplements,FitGen,Max,Calcium Tablets,2020-07,1461
Mumbai,Supplements,FitGen,Max,Calcium Tablets,2020-08,1595
Mumbai,Supplements,FitGen,Max,Calcium Tablets,2020-09,1603
Mumbai,Supplements,FitGen,Max,Calcium Tablets,2020-10,1456
Mumbai,Supplements,FitGen,Max,Calcium Tablets,2020-11,1256
Mumbai,Supplements,FitGen,Max,Calcium Tablets,2020-12,1541
Mumbai,Supplements,FitGen,Max,Calcium Tablets,2021-01,1578
Mumbai,Supplements,FitGen,Max,Calcium Tablets,2021-02,1700
Mumbai,Supplements,FitGen,Max,Calcium Tablets,2021-03,1574
Mumbai,Supplements,FitGen,Max,Calcium Tablets,2021-04,1406
Mumbai,Supplements,FitGen,Max,Calcium Tablets,2021-05,1578
Mumbai,Supplements,FitGen,Max,Calcium Tablets,2021-06,1485
Mumbai,Supplements,FitGen,Max,Calcium Tablets,2021-07,1680
Mumbai,Supplements,FitGen,Max,Calcium Tablets,2021-08,1674
Mumbai,Supplements,FitGen,Max,Calcium Tablets,2021-09,1479
Mumbai,Supplements,FitGen,Max,Calcium Tablets,2021-10,1501
Mumbai,Supplements,FitGen,Max,Calcium Tablets,2021-11,1483
Mumbai,Supplements,FitGen,Max,Calcium Tablets,2021-12,1504
Mumbai,Supplements,FitGen,Max,Calcium Tablets,2022-01,1492
Mumbai,Supplements,FitGen,Max,Calcium Tablets,2022-02,1615
Mumbai,Supplements,FitGen,Max,Calcium Tablets,2022-03,1638
Mumbai,Supplements,FitGen,Max,Calcium Tablets,2022-04,1636
Mumbai,Supplements,FitGen,Max,Calcium Tablets,2022-05,1576
Mumbai,Supplements,FitGen,Max,Calcium Tablets,2022-06,1768
Mumbai,Supplements,FitGen,Max,Calcium Tablets,2022-07,1541
Mumbai,Supplements,FitGen,Max,Calcium Tablets,2022-08,1546
Mumbai,Supplements,FitGen,Max,Calcium Tablets,2022-09,1490
Mumbai,Supplements,FitGen,Max,Calcium Tablets,2022-10,1451
Mumbai,Supplements,FitGen,Max,Calcium Tablets,2022-11,1588
Mumbai,Supplements,FitGen,Max,Calcium Tablets,2022-12,1628
Mumbai,Supplements,FitGen,Max,Calcium Tablets,2023-01,1587
Mumbai,Supplements,FitGen,Max,Calcium Tablets,2023-02,1644
Mumbai,Supplements,FitGen,Max,Calcium Tablets,2023-03,1613
Mumbai,Supplements,FitGen,Max,Calcium Tablets,2023-04,1528
Mumbai,Supplements,FitGen,Max,Calcium Tablets,2023-05,1446
Mumbai,Supplements,FitGen,Max,Calcium Tablets,2023-06,1639
Mumbai,Supplements,FitGen,Max,Calcium Tablets,2023-07,1577
Mumbai,Supplements,FitGen,Max,Calcium Tablets,2023-08,1497
Mumbai,Supplements,FitGen,Max,Calcium Tablets,2023-09,1636
Mumbai,Supplements,FitGen,Max,Calcium Tablets,2023-10,1675
Mumbai,Supplements,FitGen,Max,Calcium Tablets,2023-11,1631
Mumbai,Supplements,FitGen,Max,Calcium Tablets,2023-12,1717
Mumbai,Supplements,FitGen,Max,Calcium Tablets,2024-01,1787
Mumbai,Supplements,FitGen,Max,Calcium Tablets,2024-02,1626
Mumbai,Supplements,FitGen,Max,Calcium Tablets,2024-03,1642
Mumbai,Supplements,FitGen,Max,Calcium Tablets,2024-04,1595
Mumbai,Supplements,FitGen,Max,Calcium Tablets,2024-05,1658
Mumbai,Supplements,FitGen,Max,Calcium Tablets,2024-06,1641
Mumbai,Supplements,FitGen,Max,Calcium Tablets,2024-07,1635
Mumbai,Supplements,FitGen,Max,Calcium Tablets,2024-08,1700
Mumbai,Supplements,FitGen,Max,Calcium Tablets,2024-09,1654
Mumbai,Supplements,FitGen,Max,Calcium Tablets,2024-10,1646
Mumbai,Supplements,FitGen,Max,Calcium Tablets,2024-11,1621
Mumbai,Supplements,FitGen,Max,Calcium Tablets,2024-12,1749
Mumbai,Supplements,FitGen,Max,Calcium Tablets,2025-01,1648
Mumbai,Supplements,FitGen,Max,Calcium Tablets,2025-02,1637
Mumbai,Supplements,FitGen,Max,Calcium Tablets,2025-03,1886
Mumbai,Supplements,FitGen,Max,Calcium Tablets,2025-04,1781
Mumbai,Supplements,FitGen,Max,Calcium Tablets,2025-05,1774
Mumbai,Supplements,FitGen,Max,Calcium Tablets,2025-06,1875
Chennai,Supplements,PureLife,Max,Collagen Boost,2020-01,562
Chennai,Supplements,PureLife,Max,Collagen Boost,2020-02,498
Chennai,Supplements,PureLife,Max,Collagen Boost,2020-03,663
Chennai,Supplements,PureLife,Max,Collagen Boost,2020-04,599
Chennai,Supplements,PureLife,Max,Collagen Boost,2020-05,626
Chennai,Supplements,PureLife,Max,Collagen Boost,2020-06,733
Chennai,Supplements,PureLife,Max,Collagen Boost,2020-07,677
Chennai,Supplements,PureLife,Max,Collagen Boost,2020-08,611
Chennai,Supplements,PureLife,Max,Collagen Boost,2020-09,783
Chennai,Supplements,PureLife,Max,Collagen Boost,2020-10,554
Chennai,Supplements,PureLife,Max,Collagen Boost,2020-11,679
Chennai,Supplements,PureLife,Max,Collagen Boost,2020-12,767
Chennai,Supplements,PureLife,Max,Collagen Boost,2021-01,790
Chennai,Supplements,PureLife,Max,Collagen Boost,2021-02,676
Chennai,Supplements,PureLife,Max,Collagen Boost,2021-03,608
Chennai,Supplements,PureLife,Max,Collagen Boost,2021-04,829
Chennai,Supplements,PureLife,Max,Collagen Boost,2021-05,716
Chennai,Supplements,PureLife,Max,Collagen Boost,2021-06,696
Chennai,Supplements,PureLife,Max,Collagen Boost,2021-07,1033
Chennai,Supplements,PureLife,Max,Collagen Boost,2021-08,858
Chennai,Supplements,PureLife,Max,Collagen Boost,2021-09,817
Chennai,Supplements,PureLife,Max,Collagen Boost,2021-10,756
Chennai,Supplements,PureLife,Max,Collagen Boost,2021-11,795
Chennai,Supplements,PureLife,Max,Collagen Boost,2021-12,776
Chennai,Supplements,PureLife,Max,Collagen Boost,2022-01,708
Chennai,Supplements,PureLife,Max,Collagen Boost,2022-02,684
Chennai,Supplements,PureLife,Max,Collagen Boost,2022-03,677
Chennai,Supplements,PureLife,Max,Collagen Boost,2022-04,747
Chennai,Supplements,PureLife,Max,Collagen Boost,2022-05,838
Chennai,Supplements,PureLife,Max,Collagen Boost,2022-06,869
Chennai,Supplements,PureLife,Max,Collagen Boost,2022-07,809
Chennai,Supplements,PureLife,Max,Collagen Boost,2022-08,908
Chennai,Supplements,PureLife,Max,Collagen Boost,2022-09,596
Chennai,Supplements,PureLife,Max,Collagen Boost,2022-10,770
Chennai,Supplements,PureLife,Max,Collagen Boost,2022-11,642
Chennai,Supplements,PureLife,Max,Collagen Boost,2022-12,789
Chennai,Supplements,PureLife,Max,Collagen Boost,2023-01,806
Chennai,Supplements,PureLife,Max,Collagen Boost,2023-02,954
Chennai,Supplements,PureLife,Max,Collagen Boost,2023-03,754
Chennai,Supplements,PureLife,Max,Collagen Boost,2023-04,859
Chennai,Supplements,PureLife,Max,Collagen Boost,2023-05,813
Chennai,Supplements,PureLife,Max,Collagen Boost,2023-06,626
Chennai,Supplements,PureLife,Max,Collagen Boost,2023-07,893
Chennai,Supplements,PureLife,Max,Collagen Boost,2023-08,689
Chennai,Supplements,PureLife,Max,Collagen Boost,2023-09,679
Chennai,Supplements,PureLife,Max,Collagen Boost,2023-10,759
Chennai,Supplements,PureLife,Max,Collagen Boost,2023-11,846
Chennai,Supplements,PureLife,Max,Collagen Boost,2023-12,843
Chennai,Supplements,PureLife,Max,Collagen Boost,2024-01,754
Chennai,Supplements,PureLife,Max,Collagen Boost,2024-02,606
Chennai,Supplements,PureLife,Max,Collagen Boost,2024-03,1001
Chennai,Supplements,PureLife,Max,Collagen Boost,2024-04,908
Chennai,Supplements,PureLife,Max,Collagen Boost,2024-05,712
Chennai,Supplements,PureLife,Max,Collagen Boost,2024-06,485
Chennai,Supplements,PureLife,Max,Collagen Boost,2024-07,778
Chennai,Supplements,PureLife,Max,Collagen Boost,2024-08,785
Chennai,Supplements,PureLife,Max,Collagen Boost,2024-09,641
Chennai,Supplements,PureLife,Max,Collagen Boost,2024-10,965
Chennai,Supplements,PureLife,Max,Collagen Boost,2024-11,863
Chennai,Supplements,PureLife,Max,Collagen Boost,2024-12,746
Chennai,Supplements,PureLife,Max,Collagen Boost,2025-01,545
Chennai,Supplements,PureLife,Max,Collagen Boost,2025-02,815
Chennai,Supplements,PureLife,Max,Collagen Boost,2025-03,627
Chennai,Supplements,PureLife,Max,Collagen Boost,2025-04,933
Chennai,Supplements,PureLife,Max,Collagen Boost,2025-05,970
Chennai,Supplements,PureLife,Max,Collagen Boost,2025-06,839
Delhi,Supplements,NutriCore,Essentials,Pre Workout Mix,2020-01,1219
Delhi,Supplements,NutriCore,Essentials,Pre Workout Mix,2020-02,1235
Delhi,Supplements,NutriCore,Essentials,Pre Workout Mix,2020-03,1342
Delhi,Supplements,NutriCore,Essentials,Pre Workout Mix,2020-04,1069
Delhi,Supplements,NutriCore,Essentials,Pre Workout Mix,2020-05,1031
Delhi,Supplements,NutriCore,Essentials,Pre Workout Mix,2020-06,1033
Delhi,Supplements,NutriCore,Essentials,Pre Workout Mix,2020-07,907
Delhi,Supplements,NutriCore,Essentials,Pre Workout Mix,2020-08,1189
Delhi,Supplements,NutriCore,Essentials,Pre Workout Mix,2020-09,1202
Delhi,Supplements,NutriCore,Essentials,Pre Workout Mix,2020-10,1247
Delhi,Supplements,NutriCore,Essentials,Pre Workout Mix,2020-11,1116
Delhi,Supplements,NutriCore,Essentials,Pre Workout Mix,2020-12,1342
Delhi,Supplements,NutriCore,Essentials,Pre Workout Mix,2021-01,1081
Delhi,Supplements,NutriCore,Essentials,Pre Workout Mix,2021-02,1132
Delhi,Supplements,NutriCore,Essentials,Pre Workout Mix,2021-03,1059
Delhi,Supplements,NutriCore,Essentials,Pre Workout Mix,2021-04,1135
Delhi,Supplements,NutriCore,Essentials,Pre Workout Mix,2021-05,1127
Delhi,Supplements,NutriCore,Essentials,Pre Workout Mix,2021-06,1359
Delhi,Supplements,NutriCore,Essentials,Pre Workout Mix,2021-07,1171
Delhi,Supplements,NutriCore,Essentials,Pre Workout Mix,2021-08,1103
Delhi,Supplements,NutriCore,Essentials,Pre Workout Mix,2021-09,1051
Delhi,Supplements,NutriCore,Essentials,Pre Workout Mix,2021-10,1098
Delhi,Supplements,NutriCore,Essentials,Pre Workout Mix,2021-11,1016
Delhi,Supplements,NutriCore,Essentials,Pre Workout Mix,2021-12,1182
Delhi,Supplements,NutriCore,Essentials,Pre Workout Mix,2022-01,1179
Delhi,Supplements,NutriCore,Essentials,Pre Workout Mix,2022-02,1297
Delhi,Supplements,NutriCore,Essentials,Pre Workout Mix,2022-03,1069
Delhi,Supplements,NutriCore,Essentials,Pre Workout Mix,2022-04,1211
Delhi,Supplements,NutriCore,Essentials,Pre Workout Mix,2022-05,1170
Delhi,Supplements,NutriCore,Essentials,Pre Workout Mix,2022-06,1208
Delhi,Supplements,NutriCore,Essentials,Pre Workout Mix,2022-07,1439
Delhi,Supplements,NutriCore,Essentials,Pre Workout Mix,2022-08,1060
Delhi,Supplements,NutriCore,Essentials,Pre Workout Mix,2022-09,1253
Delhi,Supplements,NutriCore,Essentials,Pre Workout Mix,2022-10,1264
Delhi,Supplements,NutriCore,Essentials,Pre Workout Mix,2022-11,1195
Delhi,Supplements,NutriCore,Essentials,Pre Workout Mix,2022-12,1052
Delhi,Supplements,NutriCore,Essentials,Pre Workout Mix,2023-01,1215
Delhi,Supplements,NutriCore,Essentials,Pre Workout Mix,2023-02,1206
Delhi,Supplements,NutriCore,Essentials,Pre Workout Mix,2023-03,1186
Delhi,Supplements,NutriCore,Essentials,Pre Workout Mix,2023-04,1345
Delhi,Supplements,NutriCore,Essentials,Pre Workout Mix,2023-05,1230
Delhi,Supplements,NutriCore,Essentials,Pre Workout Mix,2023-06,1303
Delhi,Supplements,NutriCore,Essentials,Pre Workout Mix,2023-07,1277
Delhi,Supplements,NutriCore,Essentials,Pre Workout Mix,2023-08,1296
Delhi,Supplements,NutriCore,Essentials,Pre Workout Mix,2023-09,1488
Delhi,Supplements,NutriCore,Essentials,Pre Workout Mix,2023-10,1335
Delhi,Supplements,NutriCore,Essentials,Pre Workout Mix,2023-11,1161
Delhi,Supplements,NutriCore,Essentials,Pre Workout Mix,2023-12,1363
Delhi,Supplements,NutriCore,Essentials,Pre Workout Mix,2024-01,1302
Delhi,Supplements,NutriCore,Essentials,Pre Workout Mix,2024-02,1432
Delhi,Supplements,NutriCore,Essentials,Pre Workout Mix,2024-03,1246
Delhi,Supplements,NutriCore,Essentials,Pre Workout Mix,2024-04,1286
Delhi,Supplements,NutriCore,Essentials,Pre Workout Mix,2024-05,1171
Delhi,Supplements,NutriCore,Essentials,Pre Workout Mix,2024-06,1171
Delhi,Supplements,NutriCore,Essentials,Pre Workout Mix,2024-07,1305
Delhi,Supplements,NutriCore,Essentials,Pre Workout Mix,2024-08,1359
Delhi,Supplements,NutriCore,Essentials,Pre Workout Mix,2024-09,1225
Delhi,Supplements,NutriCore,Essentials,Pre Workout Mix,2024-10,1350
Delhi,Supplements,NutriCore,Essentials,Pre Workout Mix,2024-11,1480
Delhi,Supplements,NutriCore,Essentials,Pre Workout Mix,2024-12,1312
Delhi,Supplements,NutriCore,Essentials,Pre Workout Mix,2025-01,1393
Delhi,Supplements,NutriCore,Essentials,Pre Workout Mix,2025-02,1256
Delhi,Supplements,NutriCore,Essentials,Pre Workout Mix,2025-03,1340
Delhi,Supplements,NutriCore,Essentials,Pre Workout Mix,2025-04,1174
Delhi,Supplements,NutriCore,Essentials,Pre Workout Mix,2025-05,1281
Delhi,Supplements,NutriCore,Essentials,Pre Workout Mix,2025-06,1231
Chennai,Supplements,HealthPlus,Ultra,Multivitamin Gummies,2020-01,585
Chennai,Supplements,HealthPlus,Ultra,Multivitamin Gummies,2020-02,672
Chennai,Supplements,HealthPlus,Ultra,Multivitamin Gummies,2020-03,610
Chennai,Supplements,HealthPlus,Ultra,Multivitamin Gummies,2020-04,738
Chennai,Supplements,HealthPlus,Ultra,Multivitamin Gummies,2020-05,641
Chennai,Supplements,HealthPlus,Ultra,Multivitamin Gummies,2020-06,667
Chennai,Supplements,HealthPlus,Ultra,Multivitamin Gummies,2020-07,698
Chennai,Supplements,HealthPlus,Ultra,Multivitamin Gummies,2020-08,725
Chennai,Supplements,HealthPlus,Ultra,Multivitamin Gummies,2020-09,654
Chennai,Supplements,HealthPlus,Ultra,Multivitamin Gummies,2020-10,667
Chennai,Supplements,HealthPlus,Ultra,Multivitamin Gummies,2020-11,793
Chennai,Supplements,HealthPlus,Ultra,Multivitamin Gummies,2020-12,709
Chennai,Supplements,HealthPlus,Ultra,Multivitamin Gummies,2021-01,738
Chennai,Supplements,HealthPlus,Ultra,Multivitamin Gummies,2021-02,786
Chennai,Supplements,HealthPlus,Ultra,Multivitamin Gummies,2021-03,865
Chennai,Supplements,HealthPlus,Ultra,Multivitamin Gummies,2021-04,746
Chennai,Supplements,HealthPlus,Ultra,Multivitamin Gummies,2021-05,794
Chennai,Supplements,HealthPlus,Ultra,Multivitamin Gummies,2021-06,764
Chennai,Supplements,HealthPlus,Ultra,Multivitamin Gummies,2021-07,594
Chennai,Supplements,HealthPlus,Ultra,Multivitamin Gummies,2021-08,631
Chennai,Supplements,HealthPlus,Ultra,Multivitamin Gummies,2021-09,805
Chennai,Supplements,HealthPlus,Ultra,Multivitamin Gummies,2021-10,734
Chennai,Supplements,HealthPlus,Ultra,Multivitamin Gummies,2021-11,743
Chennai,Supplements,HealthPlus,Ultra,Multivitamin Gummies,2021-12,731
Chennai,Supplements,HealthPlus,Ultra,Multivitamin Gummies,2022-01,650
Chennai,Supplements,HealthPlus,Ultra,Multivitamin Gummies,2022-02,714
Chennai,Supplements,HealthPlus,Ultra,Multivitamin Gummies,2022-03,721
Chennai,Supplements,HealthPlus,Ultra,Multivitamin Gummies,2022-04,796
Chennai,Supplements,HealthPlus,Ultra,Multivitamin Gummies,2022-05,562
Chennai,Supplements,HealthPlus,Ultra,Multivitamin Gummies,2022-06,678
Chennai,Supplements,HealthPlus,Ultra,Multivitamin Gummies,2022-07,822
Chennai,Supplements,HealthPlus,Ultra,Multivitamin Gummies,2022-08,798
Chennai,Supplements,HealthPlus,Ultra,Multivitamin Gummies,2022-09,772
Chennai,Supplements,HealthPlus,Ultra,Multivitamin Gummies,2022-10,835
Chennai,Supplements,HealthPlus,Ultra,Multivitamin Gummies,2022-11,747
Chennai,Supplements,HealthPlus,Ultra,Multivitamin Gummies,2022-12,650
Chennai,Supplements,HealthPlus,Ultra,Multivitamin Gummies,2023-01,670
Chennai,Supplements,HealthPlus,Ultra,Multivitamin Gummies,2023-02,778
Chennai,Supplements,HealthPlus,Ultra,Multivitamin Gummies,2023-03,814
Chennai,Supplements,HealthPlus,Ultra,Multivitamin Gummies,2023-04,776
Chennai,Supplements,HealthPlus,Ultra,Multivitamin Gummies,2023-05,620
Chennai,Supplements,HealthPlus,Ultra,Multivitamin Gummies,2023-06,748
Chennai,Supplements,HealthPlus,Ultra,Multivitamin Gummies,2023-07,865
Chennai,Supplements,HealthPlus,Ultra,Multivitamin Gummies,2023-08,777
Chennai,Supplements,HealthPlus,Ultra,Multivitamin Gummies,2023-09,743
Chennai,Supplements,HealthPlus,Ultra,Multivitamin Gummies,2023-10,747
Chennai,Supplements,HealthPlus,Ultra,Multivitamin Gummies,2023-11,923
Chennai,Supplements,HealthPlus,Ultra,Multivitamin Gummies,2023-12,766
Chennai,Supplements,HealthPlus,Ultra,Multivitamin Gummies,2024-01,749
Chennai,Supplements,HealthPlus,Ultra,Multivitamin Gummies,2024-02,644
Chennai,Supplements,HealthPlus,Ultra,Multivitamin Gummies,2024-03,661
Chennai,Supplements,HealthPlus,Ultra,Multivitamin Gummies,2024-04,680
Chennai,Supplements,HealthPlus,Ultra,Multivitamin Gummies,2024-05,889
Chennai,Supplements,HealthPlus,Ultra,Multivitamin Gummies,2024-06,651
Chennai,Supplements,HealthPlus,Ultra,Multivitamin Gummies,2024-07,777
Chennai,Supplements,HealthPlus,Ultra,Multivitamin Gummies,2024-08,687
Chennai,Supplements,HealthPlus,Ultra,Multivitamin Gummies,2024-09,736
Chennai,Supplements,HealthPlus,Ultra,Multivitamin Gummies,2024-10,978
Chennai,Supplements,HealthPlus,Ultra,Multivitamin Gummies,2024-11,798
Chennai,Supplements,HealthPlus,Ultra,Multivitamin Gummies,2024-12,820
Chennai,Supplements,HealthPlus,Ultra,Multivitamin Gummies,2025-01,679
Chennai,Supplements,HealthPlus,Ultra,Multivitamin Gummies,2025-02,808
Chennai,Supplements,HealthPlus,Ultra,Multivitamin Gummies,2025-03,955
Chennai,Supplements,HealthPlus,Ultra,Multivitamin Gummies,2025-04,722
Chennai,Supplements,HealthPlus,Ultra,Multivitamin Gummies,2025-05,629
Chennai,Supplements,HealthPlus,Ultra,Multivitamin Gummies,2025-06,481
Bangalore,Personal Care,PureLife,Max,Green Tea Extract,2021-03,1138
Bangalore,Personal Care,PureLife,Max,Green Tea Extract,2021-04,1102
Bangalore,Personal Care,PureLife,Max,Green Tea Extract,2021-05,1202
Bangalore,Personal Care,PureLife,Max,Green Tea Extract,2021-06,1208
Bangalore,Personal Care,PureLife,Max,Green Tea Extract,2021-07,1309
Bangalore,Personal Care,PureLife,Max,Green Tea Extract,2021-08,1214
Bangalore,Personal Care,PureLife,Max,Green Tea Extract,2021-09,1352
Bangalore,Personal Care,PureLife,Max,Green Tea Extract,2021-10,1486
Bangalore,Personal Care,PureLife,Max,Green Tea Extract,2021-11,1280
Bangalore,Personal Care,PureLife,Max,Green Tea Extract,2021-12,1345
Bangalore,Personal Care,PureLife,Max,Green Tea Extract,2022-01,1287
Bangalore,Personal Care,PureLife,Max,Green Tea Extract,2022-02,1222
Bangalore,Personal Care,PureLife,Max,Green Tea Extract,2022-03,1425
Bangalore,Personal Care,PureLife,Max,Green Tea Extract,2022-04,1238
Bangalore,Personal Care,PureLife,Max,Green Tea Extract,2022-05,1326
Bangalore,Personal Care,PureLife,Max,Green Tea Extract,2022-06,1401
Bangalore,Personal Care,PureLife,Max,Green Tea Extract,2022-07,1204
Bangalore,Personal Care,PureLife,Max,Green Tea Extract,2022-08,1450
Bangalore,Personal Care,PureLife,Max,Green Tea Extract,2022-09,1314
Bangalore,Personal Care,PureLife,Max,Green Tea Extract,2022-10,1370
Bangalore,Personal Care,PureLife,Max,Green Tea Extract,2022-11,1465
Bangalore,Personal Care,PureLife,Max,Green Tea Extract,2022-12,1397
Bangalore,Personal Care,PureLife,Max,Green Tea Extract,2023-01,1390
Bangalore,Personal Care,PureLife,Max,Green Tea Extract,2023-02,1461
Bangalore,Personal Care,PureLife,Max,Green Tea Extract,2023-03,1487
Bangalore,Personal Care,PureLife,Max,Green Tea Extract,2023-04,1480
Bangalore,Personal Care,PureLife,Max,Green Tea Extract,2023-05,1440
Bangalore,Personal Care,PureLife,Max,Green Tea Extract,2023-06,1509
Bangalore,Fitness,NutriCore,Max,Whey Isolate,2021-02,780
Bangalore,Fitness,NutriCore,Max,Whey Isolate,2021-03,857
Bangalore,Fitness,NutriCore,Max,Whey Isolate,2021-04,900
Bangalore,Fitness,NutriCore,Max,Whey Isolate,2021-05,936
Bangalore,Fitness,NutriCore,Max,Whey Isolate,2021-06,821
Bangalore,Fitness,NutriCore,Max,Whey Isolate,2021-07,806
Bangalore,Fitness,NutriCore,Max,Whey Isolate,2021-08,754
Bangalore,Fitness,NutriCore,Max,Whey Isolate,2021-09,577
Bangalore,Fitness,NutriCore,Max,Whey Isolate,2021-10,947
Bangalore,Fitness,NutriCore,Max,Whey Isolate,2021-11,953
Bangalore,Fitness,NutriCore,Max,Whey Isolate,2021-12,763
Bangalore,Fitness,NutriCore,Max,Whey Isolate,2022-01,737
Bangalore,Fitness,NutriCore,Max,Whey Isolate,2022-02,887
Bangalore,Fitness,NutriCore,Max,Whey Isolate,2022-03,886
Bangalore,Fitness,NutriCore,Max,Whey Isolate,2022-04,855
Bangalore,Fitness,NutriCore,Max,Whey Isolate,2022-05,910
Bangalore,Fitness,NutriCore,Max,Whey Isolate,2022-06,791
Bangalore,Fitness,NutriCore,Max,Whey Isolate,2022-07,894
Bangalore,Fitness,NutriCore,Max,Whey Isolate,2022-08,906
Bangalore,Fitness,NutriCore,Max,Whey Isolate,2022-09,905
Bangalore,Fitness,NutriCore,Max,Whey Isolate,2022-10,862
Bangalore,Fitness,NutriCore,Max,Whey Isolate,2022-11,899
Bangalore,Fitness,NutriCore,Max,Whey Isolate,2022-12,965
Bangalore,Fitness,NutriCore,Max,Whey Isolate,2023-01,835
Bangalore,Fitness,NutriCore,Max,Whey Isolate,2023-02,913
Bangalore,Fitness,NutriCore,Max,Whey Isolate,2023-03,880
Bangalore,Fitness,NutriCore,Max,Whey Isolate,2023-04,909
Bangalore,Fitness,NutriCore,Max,Whey Isolate,2023-05,908
Bangalore,Fitness,NutriCore,Max,Whey Isolate,2023-06,1004
Bangalore,Fitness,NutriCore,Max,Whey Isolate,2023-07,1020
Bangalore,Fitness,NutriCore,Max,Whey Isolate,2023-08,1050
Bangalore,Fitness,NutriCore,Max,Whey Isolate,2023-09,675
Chennai,Fitness,HealthPlus,Pro,Energy Bar,2020-01,638
Chennai,Fitness,HealthPlus,Pro,Energy Bar,2020-02,787
Chennai,Fitness,HealthPlus,Pro,Energy Bar,2020-03,657
Chennai,Fitness,HealthPlus,Pro,Energy Bar,2020-04,584
Chennai,Fitness,HealthPlus,Pro,Energy Bar,2020-05,762
Chennai,Fitness,HealthPlus,Pro,Energy Bar,2020-06,725
Chennai,Fitness,HealthPlus,Pro,Energy Bar,2020-07,588
Chennai,Fitness,HealthPlus,Pro,Energy Bar,2020-08,770
Chennai,Fitness,HealthPlus,Pro,Energy Bar,2020-09,661
Chennai,Fitness,HealthPlus,Pro,Energy Bar,2020-10,596
Chennai,Fitness,HealthPlus,Pro,Energy Bar,2020-11,572
Chennai,Fitness,HealthPlus,Pro,Energy Bar,2020-12,743
Chennai,Fitness,HealthPlus,Pro,Energy Bar,2021-01,609
Chennai,Fitness,HealthPlus,Pro,Energy Bar,2021-02,853
Chennai,Fitness,HealthPlus,Pro,Energy Bar,2021-03,792
Chennai,Fitness,HealthPlus,Pro,Energy Bar,2021-04,764
Chennai,Fitness,HealthPlus,Pro,Energy Bar,2021-05,598
Chennai,Fitness,HealthPlus,Pro,Energy Bar,2021-06,673
Chennai,Fitness,HealthPlus,Pro,Energy Bar,2021-07,777
Chennai,Fitness,HealthPlus,Pro,Energy Bar,2021-08,766
Chennai,Fitness,HealthPlus,Pro,Energy Bar,2021-09,939
Chennai,Fitness,HealthPlus,Pro,Energy Bar,2021-10,694
Chennai,Fitness,HealthPlus,Pro,Energy Bar,2021-11,600
Chennai,Fitness,HealthPlus,Pro,Energy Bar,2021-12,697
Chennai,Fitness,HealthPlus,Pro,Energy Bar,2022-01,768
Chennai,Fitness,HealthPlus,Pro,Energy Bar,2022-02,789
Chennai,Fitness,HealthPlus,Pro,Energy Bar,2022-03,688
Chennai,Fitness,HealthPlus,Pro,Energy Bar,2022-04,698
Chennai,Fitness,HealthPlus,Pro,Energy Bar,2022-05,917
Chennai,Fitness,HealthPlus,Pro,Energy Bar,2022-06,819
Chennai,Fitness,HealthPlus,Pro,Energy Bar,2022-07,951
Chennai,Fitness,HealthPlus,Pro,Energy Bar,2022-08,728
Chennai,Fitness,HealthPlus,Pro,Energy Bar,2022-09,752
Chennai,Fitness,HealthPlus,Pro,Energy Bar,2022-10,833
Chennai,Fitness,HealthPlus,Pro,Energy Bar,2022-11,609
Chennai,Fitness,HealthPlus,Pro,Energy Bar,2022-12,762
Chennai,Fitness,HealthPlus,Pro,Energy Bar,2023-01,807
Chennai,Fitness,HealthPlus,Pro,Energy Bar,2023-02,1022
Chennai,Fitness,HealthPlus,Pro,Energy Bar,2023-03,951
Chennai,Fitness,HealthPlus,Pro,Energy Bar,2023-04,841
Chennai,Fitness,HealthPlus,Pro,Energy Bar,2023-05,934
Chennai,Fitness,HealthPlus,Pro,Energy Bar,2023-06,687
Chennai,Fitness,HealthPlus,Pro,Energy Bar,2023-07,1112
Chennai,Fitness,HealthPlus,Pro,Energy Bar,2023-08,842
Chennai,Fitness,HealthPlus,Pro,Energy Bar,2023-09,869
Chennai,Fitness,HealthPlus,Pro,Energy Bar,2023-10,830
Chennai,Fitness,HealthPlus,Pro,Energy Bar,2023-11,947
Chennai,Fitness,HealthPlus,Pro,Energy Bar,2023-12,798
Chennai,Fitness,HealthPlus,Pro,Energy Bar,2024-01,716
Chennai,Fitness,HealthPlus,Pro,Energy Bar,2024-02,941
Chennai,Fitness,HealthPlus,Pro,Energy Bar,2024-03,929
Chennai,Fitness,HealthPlus,Pro,Energy Bar,2024-04,967
Chennai,Fitness,HealthPlus,Pro,Energy Bar,2024-05,813
Chennai,Fitness,HealthPlus,Pro,Energy Bar,2024-06,717
Chennai,Fitness,HealthPlus,Pro,Energy Bar,2024-07,767
Chennai,Fitness,HealthPlus,Pro,Energy Bar,2024-08,946
Chennai,Fitness,HealthPlus,Pro,Energy Bar,2024-09,891
Chennai,Fitness,HealthPlus,Pro,Energy Bar,2024-10,1044
Chennai,Fitness,HealthPlus,Pro,Energy Bar,2024-11,614
Chennai,Fitness,HealthPlus,Pro,Energy Bar,2024-12,865
Chennai,Fitness,HealthPlus,Pro,Energy Bar,2025-01,937
Chennai,Fitness,HealthPlus,Pro,Energy Bar,2025-02,1044
Chennai,Fitness,HealthPlus,Pro,Energy Bar,2025-03,896
Chennai,Fitness,HealthPlus,Pro,Energy Bar,2025-04,1028
Chennai,Fitness,HealthPlus,Pro,Energy Bar,2025-05,953
Chennai,Fitness,HealthPlus,Pro,Energy Bar,2025-06,706
Delhi,Nutrition,FitGen,Pro,Zinc Tablets,2020-01,1058
Delhi,Nutrition,FitGen,Pro,Zinc Tablets,2020-02,1001
Delhi,Nutrition,FitGen,Pro,Zinc Tablets,2020-03,1018
Delhi,Nutrition,FitGen,Pro,Zinc Tablets,2020-04,1061
Delhi,Nutrition,FitGen,Pro,Zinc Tablets,2020-05,1056
Delhi,Nutrition,FitGen,Pro,Zinc Tablets,2020-06,1047
Delhi,Nutrition,FitGen,Pro,Zinc Tablets,2020-07,1147
Delhi,Nutrition,FitGen,Pro,Zinc Tablets,2020-08,1010
Delhi,Nutrition,FitGen,Pro,Zinc Tablets,2020-09,1120
Delhi,Nutrition,FitGen,Pro,Zinc Tablets,2020-10,1152
Delhi,Nutrition,FitGen,Pro,Zinc Tablets,2020-11,1177
Delhi,Nutrition,FitGen,Pro,Zinc Tablets,2020-12,1159
Delhi,Nutrition,FitGen,Pro,Zinc Tablets,2021-01,1151
Delhi,Nutrition,FitGen,Pro,Zinc Tablets,2021-02,1214
Delhi,Nutrition,FitGen,Pro,Zinc Tablets,2021-03,1162
Delhi,Nutrition,FitGen,Pro,Zinc Tablets,2021-04,1056
Delhi,Nutrition,FitGen,Pro,Zinc Tablets,2021-05,993
Delhi,Nutrition,FitGen,Pro,Zinc Tablets,2021-06,1107
Delhi,Nutrition,FitGen,Pro,Zinc Tablets,2021-07,1162
Delhi,Nutrition,FitGen,Pro,Zinc Tablets,2021-08,986
Delhi,Nutrition,FitGen,Pro,Zinc Tablets,2021-09,1047
Delhi,Nutrition,FitGen,Pro,Zinc Tablets,2021-10,1253
Delhi,Nutrition,FitGen,Pro,Zinc Tablets,2021-11,1095
Delhi,Nutrition,FitGen,Pro,Zinc Tablets,2021-12,1058
Delhi,Nutrition,FitGen,Pro,Zinc Tablets,2022-01,893
Delhi,Nutrition,FitGen,Pro,Zinc Tablets,2022-02,1028
Delhi,Nutrition,FitGen,Pro,Zinc Tablets,2022-03,1285
Delhi,Nutrition,FitGen,Pro,Zinc Tablets,2022-04,984
Delhi,Nutrition,FitGen,Pro,Zinc Tablets,2022-05,1281
Delhi,Nutrition,FitGen,Pro,Zinc Tablets,2022-06,1131
Delhi,Nutrition,FitGen,Pro,Zinc Tablets,2022-07,1136
Delhi,Nutrition,FitGen,Pro,Zinc Tablets,2022-08,1178
Delhi,Nutrition,FitGen,Pro,Zinc Tablets,2022-09,1196
Delhi,Nutrition,FitGen,Pro,Zinc Tablets,2022-10,1125
Delhi,Nutrition,FitGen,Pro,Zinc Tablets,2022-11,1031
Delhi,Nutrition,FitGen,Pro,Zinc Tablets,2022-12,1319
Delhi,Nutrition,FitGen,Pro,Zinc Tablets,2023-01,1172
Delhi,Nutrition,FitGen,Pro,Zinc Tablets,2023-02,1177
Delhi,Nutrition,FitGen,Pro,Zinc Tablets,2023-03,1149
Delhi,Nutrition,FitGen,Pro,Zinc Tablets,2023-04,1135
Delhi,Nutrition,FitGen,Pro,Zinc Tablets,2023-05,1038
Delhi,Nutrition,FitGen,Pro,Zinc Tablets,2023-06,1251
Delhi,Nutrition,FitGen,Pro,Zinc Tablets,2023-07,1260
Delhi,Nutrition,FitGen,Pro,Zinc Tablets,2023-08,1418
Delhi,Nutrition,FitGen,Pro,Zinc Tablets,2023-09,1188
Delhi,Nutrition,FitGen,Pro,Zinc Tablets,2023-10,897
Delhi,Nutrition,FitGen,Pro,Zinc Tablets,2023-11,955
Delhi,Nutrition,FitGen,Pro,Zinc Tablets,2023-12,1225
Delhi,Nutrition,FitGen,Pro,Zinc Tablets,2024-01,1126
Delhi,Nutrition,FitGen,Pro,Zinc Tablets,2024-02,1233
Delhi,Nutrition,FitGen,Pro,Zinc Tablets,2024-03,1220
Delhi,Nutrition,FitGen,Pro,Zinc Tablets,2024-04,1261
Delhi,Nutrition,FitGen,Pro,Zinc Tablets,2024-05,1220
Delhi,Nutrition,FitGen,Pro,Zinc Tablets,2024-06,1171
Delhi,Nutrition,FitGen,Pro,Zinc Tablets,2024-07,1152
Delhi,Nutrition,FitGen,Pro,Zinc Tablets,2024-08,1204
Delhi,Nutrition,FitGen,Pro,Zinc Tablets,2024-09,1107
Delhi,Nutrition,FitGen,Pro,Zinc Tablets,2024-10,1292
Delhi,Nutrition,FitGen,Pro,Zinc Tablets,2024-11,1342
Delhi,Nutrition,FitGen,Pro,Zinc Tablets,2024-12,1306
Delhi,Nutrition,FitGen,Pro,Zinc Tablets,2025-01,1182
Delhi,Nutrition,FitGen,Pro,Zinc Tablets,2025-02,1293
Delhi,Nutrition,FitGen,Pro,Zinc Tablets,2025-03,1095
Delhi,Nutrition,FitGen,Pro,Zinc Tablets,2025-04,1049
Delhi,Nutrition,FitGen,Pro,Zinc Tablets,2025-05,1115
Delhi,Nutrition,FitGen,Pro,Zinc Tablets,2025-06,1183
Chennai,Vitamins,HealthPlus,Ultra,Probiotic Capsules,2020-01,564
Chennai,Vitamins,HealthPlus,Ultra,Probiotic Capsules,2020-02,581
Chennai,Vitamins,HealthPlus,Ultra,Probiotic Capsules,2020-03,761
Chennai,Vitamins,HealthPlus,Ultra,Probiotic Capsules,2020-04,828
Chennai,Vitamins,HealthPlus,Ultra,Probiotic Capsules,2020-05,590
Chennai,Vitamins,HealthPlus,Ultra,Probiotic Capsules,2020-06,607
Chennai,Vitamins,HealthPlus,Ultra,Probiotic Capsules,2020-07,613
Chennai,Vitamins,HealthPlus,Ultra,Probiotic Capsules,2020-08,874
Chennai,Vitamins,HealthPlus,Ultra,Probiotic Capsules,2020-09,728
Chennai,Vitamins,HealthPlus,Ultra,Probiotic Capsules,2020-10,577
Chennai,Vitamins,HealthPlus,Ultra,Probiotic Capsules,2020-11,625
Chennai,Vitamins,HealthPlus,Ultra,Probiotic Capsules,2020-12,816
Chennai,Vitamins,HealthPlus,Ultra,Probiotic Capsules,2021-01,681
Chennai,Vitamins,HealthPlus,Ultra,Probiotic Capsules,2021-02,761
Chennai,Vitamins,HealthPlus,Ultra,Probiotic Capsules,2021-03,656
Chennai,Vitamins,HealthPlus,Ultra,Probiotic Capsules,2021-04,729
Chennai,Vitamins,HealthPlus,Ultra,Probiotic Capsules,2021-05,834
Chennai,Vitamins,HealthPlus,Ultra,Probiotic Capsules,2021-06,807
Chennai,Vitamins,HealthPlus,Ultra,Probiotic Capsules,2021-07,733
Chennai,Vitamins,HealthPlus,Ultra,Probiotic Capsules,2021-08,816
Chennai,Vitamins,HealthPlus,Ultra,Probiotic Capsules,2021-09,725
Chennai,Vitamins,HealthPlus,Ultra,Probiotic Capsules,2021-10,754
Chennai,Vitamins,HealthPlus,Ultra,Probiotic Capsules,2021-11,619
Chennai,Vitamins,HealthPlus,Ultra,Probiotic Capsules,2021-12,637
Chennai,Vitamins,HealthPlus,Ultra,Probiotic Capsules,2022-01,741
Chennai,Vitamins,HealthPlus,Ultra,Probiotic Capsules,2022-02,647
Chennai,Vitamins,HealthPlus,Ultra,Probiotic Capsules,2022-03,923
Chennai,Vitamins,HealthPlus,Ultra,Probiotic Capsules,2022-04,682
Chennai,Vitamins,HealthPlus,Ultra,Probiotic Capsules,2022-05,809
Chennai,Vitamins,HealthPlus,Ultra,Probiotic Capsules,2022-06,836
Chennai,Vitamins,HealthPlus,Ultra,Probiotic Capsules,2022-07,570
Chennai,Vitamins,HealthPlus,Ultra,Probiotic Capsules,2022-08,653
Chennai,Vitamins,HealthPlus,Ultra,Probiotic Capsules,2022-09,830
Chennai,Vitamins,HealthPlus,Ultra,Probiotic Capsules,2022-10,848
Chennai,Vitamins,HealthPlus,Ultra,Probiotic Capsules,2022-11,688
Chennai,Vitamins,HealthPlus,Ultra,Probiotic Capsules,2022-12,711
Chennai,Vitamins,HealthPlus,Ultra,Probiotic Capsules,2023-01,760
Chennai,Vitamins,HealthPlus,Ultra,Probiotic Capsules,2023-02,830
Chennai,Vitamins,HealthPlus,Ultra,Probiotic Capsules,2023-03,789
Chennai,Vitamins,HealthPlus,Ultra,Probiotic Capsules,2023-04,776
Chennai,Vitamins,HealthPlus,Ultra,Probiotic Capsules,2023-05,546
Chennai,Vitamins,HealthPlus,Ultra,Probiotic Capsules,2023-06,823
Chennai,Vitamins,HealthPlus,Ultra,Probiotic Capsules,2023-07,740
Chennai,Vitamins,HealthPlus,Ultra,Probiotic Capsules,2023-08,660
Chennai,Vitamins,HealthPlus,Ultra,Probiotic Capsules,2023-09,875
Chennai,Vitamins,HealthPlus,Ultra,Probiotic Capsules,2023-10,666
Chennai,Vitamins,HealthPlus,Ultra,Probiotic Capsules,2023-11,822
Chennai,Vitamins,HealthPlus,Ultra,Probiotic Capsules,2023-12,766
Chennai,Vitamins,HealthPlus,Ultra,Probiotic Capsules,2024-01,811
Chennai,Vitamins,HealthPlus,Ultra,Probiotic Capsules,2024-02,888
Chennai,Vitamins,HealthPlus,Ultra,Probiotic Capsules,2024-03,736
Chennai,Vitamins,HealthPlus,Ultra,Probiotic Capsules,2024-04,993
Chennai,Vitamins,HealthPlus,Ultra,Probiotic Capsules,2024-05,791
Chennai,Vitamins,HealthPlus,Ultra,Probiotic Capsules,2024-06,612
Chennai,Vitamins,HealthPlus,Ultra,Probiotic Capsules,2024-07,801
Chennai,Vitamins,HealthPlus,Ultra,Probiotic Capsules,2024-08,847
Chennai,Vitamins,HealthPlus,Ultra,Probiotic Capsules,2024-09,829
Chennai,Vitamins,HealthPlus,Ultra,Probiotic Capsules,2024-10,877
Chennai,Vitamins,HealthPlus,Ultra,Probiotic Capsules,2024-11,801
Chennai,Vitamins,HealthPlus,Ultra,Probiotic Capsules,2024-12,627
Chennai,Vitamins,HealthPlus,Ultra,Probiotic Capsules,2025-01,770
Chennai,Vitamins,HealthPlus,Ultra,Probiotic Capsules,2025-02,826
Chennai,Vitamins,HealthPlus,Ultra,Probiotic Capsules,2025-03,823
Chennai,Vitamins,HealthPlus,Ultra,Probiotic Capsules,2025-04,867
Chennai,Vitamins,HealthPlus,Ultra,Probiotic Capsules,2025-05,622
Chennai,Vitamins,HealthPlus,Ultra,Probiotic Capsules,2025-06,875
Mumbai,Nutrition,WellZen,Pro,Sleep Support,2020-01,620
Mumbai,Nutrition,WellZen,Pro,Sleep Support,2020-02,545
Mumbai,Nutrition,WellZen,Pro,Sleep Support,2020-03,589
Mumbai,Nutrition,WellZen,Pro,Sleep Support,2020-04,708
Mumbai,Nutrition,WellZen,Pro,Sleep Support,2020-05,507
Mumbai,Nutrition,WellZen,Pro,Sleep Support,2020-06,874
Mumbai,Nutrition,WellZen,Pro,Sleep Support,2020-07,664
Mumbai,Nutrition,WellZen,Pro,Sleep Support,2020-08,627
Mumbai,Nutrition,WellZen,Pro,Sleep Support,2020-09,835
Mumbai,Nutrition,WellZen,Pro,Sleep Support,2020-10,689
Mumbai,Nutrition,WellZen,Pro,Sleep Support,2020-11,727
Mumbai,Nutrition,WellZen,Pro,Sleep Support,2020-12,711
Mumbai,Nutrition,WellZen,Pro,Sleep Support,2021-01,569
Mumbai,Nutrition,WellZen,Pro,Sleep Support,2021-02,598
Mumbai,Nutrition,WellZen,Pro,Sleep Support,2021-03,635
Mumbai,Nutrition,WellZen,Pro,Sleep Support,2021-04,729
Mumbai,Nutrition,WellZen,Pro,Sleep Support,2021-05,557
Mumbai,Nutrition,WellZen,Pro,Sleep Support,2021-06,653
Mumbai,Nutrition,WellZen,Pro,Sleep Support,2021-07,663
Mumbai,Nutrition,WellZen,Pro,Sleep Support,2021-08,662
Mumbai,Nutrition,WellZen,Pro,Sleep Support,2021-09,656
Mumbai,Nutrition,WellZen,Pro,Sleep Support,2021-10,733
Mumbai,Nutrition,WellZen,Pro,Sleep Support,2021-11,622
Mumbai,Nutrition,WellZen,Pro,Sleep Support,2021-12,600
Mumbai,Nutrition,WellZen,Pro,Sleep Support,2022-01,692
Mumbai,Nutrition,WellZen,Pro,Sleep Support,2022-02,694
Mumbai,Nutrition,WellZen,Pro,Sleep Support,2022-03,594
Mumbai,Nutrition,WellZen,Pro,Sleep Support,2022-04,855
Mumbai,Nutrition,WellZen,Pro,Sleep Support,2022-05,566
Mumbai,Nutrition,WellZen,Pro,Sleep Support,2022-06,820
Mumbai,Nutrition,WellZen,Pro,Sleep Support,2022-07,619
Mumbai,Nutrition,WellZen,Pro,Sleep Support,2022-08,702
Mumbai,Nutrition,WellZen,Pro,Sleep Support,2022-09,650
Mumbai,Nutrition,WellZen,Pro,Sleep Support,2022-10,699
Mumbai,Nutrition,WellZen,Pro,Sleep Support,2022-11,613
Mumbai,Nutrition,WellZen,Pro,Sleep Support,2022-12,712
Mumbai,Nutrition,WellZen,Pro,Sleep Support,2023-01,762
Mumbai,Nutrition,WellZen,Pro,Sleep Support,2023-02,794
Mumbai,Nutrition,WellZen,Pro,Sleep Support,2023-03,779
Mumbai,Nutrition,WellZen,Pro,Sleep Support,2023-04,759
Mumbai,Nutrition,WellZen,Pro,Sleep Support,2023-05,625
Mumbai,Nutrition,WellZen,Pro,Sleep Support,2023-06,714
Mumbai,Nutrition,WellZen,Pro,Sleep Support,2023-07,625
Mumbai,Nutrition,WellZen,Pro,Sleep Support,2023-08,695
Mumbai,Nutrition,WellZen,Pro,Sleep Support,2023-09,726
Mumbai,Nutrition,WellZen,Pro,Sleep Support,2023-10,541
Mumbai,Nutrition,WellZen,Pro,Sleep Support,2023-11,676
Mumbai,Nutrition,WellZen,Pro,Sleep Support,2023-12,730
Mumbai,Nutrition,WellZen,Pro,Sleep Support,2024-01,885
Mumbai,Nutrition,WellZen,Pro,Sleep Support,2024-02,668
Mumbai,Nutrition,WellZen,Pro,Sleep Support,2024-03,738
Mumbai,Nutrition,WellZen,Pro,Sleep Support,2024-04,919
Mumbai,Nutrition,WellZen,Pro,Sleep Support,2024-05,756
Mumbai,Nutrition,WellZen,Pro,Sleep Support,2024-06,853
Mumbai,Nutrition,WellZen,Pro,Sleep Support,2024-07,556
Mumbai,Nutrition,WellZen,Pro,Sleep Support,2024-08,641
Mumbai,Nutrition,WellZen,Pro,Sleep Support,2024-09,876
Mumbai,Nutrition,WellZen,Pro,Sleep Support,2024-10,511
Mumbai,Nutrition,WellZen,Pro,Sleep Support,2024-11,873
Mumbai,Nutrition,WellZen,Pro,Sleep Support,2024-12,841
Mumbai,Nutrition,WellZen,Pro,Sleep Support,2025-01,810
Mumbai,Nutrition,WellZen,Pro,Sleep Support,2025-02,840
Mumbai,Nutrition,WellZen,Pro,Sleep Support,2025-03,752
Mumbai,Nutrition,WellZen,Pro,Sleep Support,2025-04,813
Mumbai,Nutrition,WellZen,Pro,Sleep Support,2025-05,987
Mumbai,Nutrition,WellZen,Pro,Sleep Support,2025-06,1001
Hyderabad,Supplements,HealthPlus,Essentials,Joint Flex,2020-01,960
Hyderabad,Supplements,HealthPlus,Essentials,Joint Flex,2020-02,772
Hyderabad,Supplements,HealthPlus,Essentials,Joint Flex,2020-03,778
Hyderabad,Supplements,HealthPlus,Essentials,Joint Flex,2020-04,818
Hyderabad,Supplements,HealthPlus,Essentials,Joint Flex,2020-05,896
Hyderabad,Supplements,HealthPlus,Essentials,Joint Flex,2020-06,1082
Hyderabad,Supplements,HealthPlus,Essentials,Joint Flex,2020-07,971
Hyderabad,Supplements,HealthPlus,Essentials,Joint Flex,2020-08,874
Hyderabad,Supplements,HealthPlus,Essentials,Joint Flex,2020-09,918
Hyderabad,Supplements,HealthPlus,Essentials,Joint Flex,2020-10,908
Hyderabad,Supplements,HealthPlus,Essentials,Joint Flex,2020-11,1230
Hyderabad,Supplements,HealthPlus,Essentials,Joint Flex,2020-12,944
Hyderabad,Supplements,HealthPlus,Essentials,Joint Flex,2021-01,977
Hyderabad,Supplements,HealthPlus,Essentials,Joint Flex,2021-02,859
Hyderabad,Supplements,HealthPlus,Essentials,Joint Flex,2021-03,934
Hyderabad,Supplements,HealthPlus,Essentials,Joint Flex,2021-04,1085
Hyderabad,Supplements,HealthPlus,Essentials,Joint Flex,2021-05,979
Hyderabad,Supplements,HealthPlus,Essentials,Joint Flex,2021-06,849
Hyderabad,Supplements,HealthPlus,Essentials,Joint Flex,2021-07,898
Hyderabad,Supplements,HealthPlus,Essentials,Joint Flex,2021-08,864
Hyderabad,Supplements,HealthPlus,Essentials,Joint Flex,2021-09,859
Hyderabad,Supplements,HealthPlus,Essentials,Joint Flex,2021-10,912
Hyderabad,Supplements,HealthPlus,Essentials,Joint Flex,2021-11,893
Hyderabad,Supplements,HealthPlus,Essentials,Joint Flex,2021-12,766
Hyderabad,Supplements,HealthPlus,Essentials,Joint Flex,2022-01,949
Hyderabad,Supplements,HealthPlus,Essentials,Joint Flex,2022-02,822
Hyderabad,Supplements,HealthPlus,Essentials,Joint Flex,2022-03,952
Hyderabad,Supplements,HealthPlus,Essentials,Joint Flex,2022-04,846
Hyderabad,Supplements,HealthPlus,Essentials,Joint Flex,2022-05,884
Hyderabad,Supplements,HealthPlus,Essentials,Joint Flex,2022-06,1105
Hyderabad,Supplements,HealthPlus,Essentials,Joint Flex,2022-07,1068
Hyderabad,Supplements,HealthPlus,Essentials,Joint Flex,2022-08,1141
Hyderabad,Supplements,HealthPlus,Essentials,Joint Flex,2022-09,1021
Hyderabad,Supplements,HealthPlus,Essentials,Joint Flex,2022-10,979
Hyderabad,Supplements,HealthPlus,Essentials,Joint Flex,2022-11,999
Hyderabad,Supplements,HealthPlus,Essentials,Joint Flex,2022-12,1064
Hyderabad,Supplements,HealthPlus,Essentials,Joint Flex,2023-01,1082
Hyderabad,Supplements,HealthPlus,Essentials,Joint Flex,2023-02,908
Hyderabad,Supplements,HealthPlus,Essentials,Joint Flex,2023-03,944
Hyderabad,Supplements,HealthPlus,Essentials,Joint Flex,2023-04,925
Hyderabad,Supplements,HealthPlus,Essentials,Joint Flex,2023-05,1025
Hyderabad,Supplements,HealthPlus,Essentials,Joint Flex,2023-06,875
Hyderabad,Supplements,HealthPlus,Essentials,Joint Flex,2023-07,838
Hyderabad,Supplements,HealthPlus,Essentials,Joint Flex,2023-08,834
Hyderabad,Supplements,HealthPlus,Essentials,Joint Flex,2023-09,913
Hyderabad,Supplements,HealthPlus,Essentials,Joint Flex,2023-10,1072
Hyderabad,Supplements,HealthPlus,Essentials,Joint Flex,2023-11,971
Hyderabad,Supplements,HealthPlus,Essentials,Joint Flex,2023-12,1012
Hyderabad,Supplements,HealthPlus,Essentials,Joint Flex,2024-01,940
Hyderabad,Supplements,HealthPlus,Essentials,Joint Flex,2024-02,1010
Hyderabad,Supplements,HealthPlus,Essentials,Joint Flex,2024-03,1167
Hyderabad,Supplements,HealthPlus,Essentials,Joint Flex,2024-04,935
Hyderabad,Supplements,HealthPlus,Essentials,Joint Flex,2024-05,1122
Hyderabad,Supplements,HealthPlus,Essentials,Joint Flex,2024-06,1016
Hyderabad,Supplements,HealthPlus,Essentials,Joint Flex,2024-07,996
Hyderabad,Supplements,HealthPlus,Essentials,Joint Flex,2024-08,1066
Hyderabad,Supplements,HealthPlus,Essentials,Joint Flex,2024-09,993
Hyderabad,Supplements,HealthPlus,Essentials,Joint Flex,2024-10,949
Hyderabad,Supplements,HealthPlus,Essentials,Joint Flex,2024-11,820
Hyderabad,Supplements,HealthPlus,Essentials,Joint Flex,2024-12,1125
Hyderabad,Supplements,HealthPlus,Essentials,Joint Flex,2025-01,1000
Hyderabad,Supplements,HealthPlus,Essentials,Joint Flex,2025-02,936
Hyderabad,Supplements,HealthPlus,Essentials,Joint Flex,2025-03,1165
Hyderabad,Supplements,HealthPlus,Essentials,Joint Flex,2025-04,1183
Hyderabad,Supplements,HealthPlus,Essentials,Joint Flex,2025-05,894
Hyderabad,Supplements,HealthPlus,Essentials,Joint Flex,2025-06,1114
Chennai,Nutrition,NutriCore,Pro,Immunity Booster,2024-06,1043
Chennai,Nutrition,NutriCore,Pro,Immunity Booster,2024-07,966
Chennai,Nutrition,NutriCore,Pro,Immunity Booster,2024-08,1023
Chennai,Nutrition,NutriCore,Pro,Immunity Booster,2024-09,1050
Chennai,Nutrition,NutriCore,Pro,Immunity Booster,2024-10,1224
Chennai,Nutrition,NutriCore,Pro,Immunity Booster,2024-11,974
Chennai,Nutrition,NutriCore,Pro,Immunity Booster,2024-12,1207
Chennai,Nutrition,NutriCore,Pro,Immunity Booster,2025-01,1206
Chennai,Nutrition,NutriCore,Pro,Immunity Booster,2025-02,1121
Chennai,Nutrition,NutriCore,Pro,Immunity Booster,2025-03,1285
Chennai,Nutrition,NutriCore,Pro,Immunity Booster,2025-04,1283
Chennai,Nutrition,NutriCore,Pro,Immunity Booster,2025-05,1254
Mumbai,Personal Care,FitGen,Pro,Vitamin D Drops,2020-01,884
Mumbai,Personal Care,FitGen,Pro,Vitamin D Drops,2020-02,1018
Mumbai,Personal Care,FitGen,Pro,Vitamin D Drops,2020-03,768
Mumbai,Personal Care,FitGen,Pro,Vitamin D Drops,2020-04,1107
Mumbai,Personal Care,FitGen,Pro,Vitamin D Drops,2020-05,923
Mumbai,Personal Care,FitGen,Pro,Vitamin D Drops,2020-06,811
Mumbai,Personal Care,FitGen,Pro,Vitamin D Drops,2020-07,997
Mumbai,Personal Care,FitGen,Pro,Vitamin D Drops,2020-08,1110
Mumbai,Personal Care,FitGen,Pro,Vitamin D Drops,2020-09,916
Mumbai,Personal Care,FitGen,Pro,Vitamin D Drops,2020-10,780
Mumbai,Personal Care,FitGen,Pro,Vitamin D Drops,2020-11,896
Mumbai,Personal Care,FitGen,Pro,Vitamin D Drops,2020-12,910
Mumbai,Personal Care,FitGen,Pro,Vitamin D Drops,2021-01,1047
Mumbai,Personal Care,FitGen,Pro,Vitamin D Drops,2021-02,1034
Mumbai,Personal Care,FitGen,Pro,Vitamin D Drops,2021-03,1181
Mumbai,Personal Care,FitGen,Pro,Vitamin D Drops,2021-04,1074
Mumbai,Personal Care,FitGen,Pro,Vitamin D Drops,2021-05,1151
Mumbai,Personal Care,FitGen,Pro,Vitamin D Drops,2021-06,989
Mumbai,Personal Care,FitGen,Pro,Vitamin D Drops,2021-07,1082
Mumbai,Personal Care,FitGen,Pro,Vitamin D Drops,2021-08,838
Mumbai,Personal Care,FitGen,Pro,Vitamin D Drops,2021-09,1100
Mumbai,Personal Care,FitGen,Pro,Vitamin D Drops,2021-10,1070
Mumbai,Personal Care,FitGen,Pro,Vitamin D Drops,2021-11,1138
Mumbai,Personal Care,FitGen,Pro,Vitamin D Drops,2021-12,1026
Mumbai,Personal Care,FitGen,Pro,Vitamin D Drops,2022-01,1178
Mumbai,Personal Care,FitGen,Pro,Vitamin D Drops,2022-02,863
Mumbai,Personal Care,FitGen,Pro,Vitamin D Drops,2022-03,1019
Mumbai,Personal Care,FitGen,Pro,Vitamin D Drops,2022-04,1096
Mumbai,Personal Care,FitGen,Pro,Vitamin D Drops,2022-05,1021
Mumbai,Personal Care,FitGen,Pro,Vitamin D Drops,2022-06,1012
Mumbai,Personal Care,FitGen,Pro,Vitamin D Drops,2022-07,1049
Mumbai,Personal Care,FitGen,Pro,Vitamin D Drops,2022-08,1017
Mumbai,Personal Care,FitGen,Pro,Vitamin D Drops,2022-09,1089
Mumbai,Personal Care,FitGen,Pro,Vitamin D Drops,2022-10,1287
Mumbai,Personal Care,FitGen,Pro,Vitamin D Drops,2022-11,1048
Mumbai,Personal Care,FitGen,Pro,Vitamin D Drops,2022-12,961
Mumbai,Personal Care,FitGen,Pro,Vitamin D Drops,2023-01,1082
Mumbai,Personal Care,FitGen,Pro,Vitamin D Drops,2023-02,1062
Mumbai,Personal Care,FitGen,Pro,Vitamin D Drops,2023-03,1100
Mumbai,Personal Care,FitGen,Pro,Vitamin D Drops,2023-04,890
Mumbai,Personal Care,FitGen,Pro,Vitamin D Drops,2023-05,1027
Mumbai,Personal Care,FitGen,Pro,Vitamin D Drops,2023-06,1158
Mumbai,Personal Care,FitGen,Pro,Vitamin D Drops,2023-07,1061
Mumbai,Personal Care,FitGen,Pro,Vitamin D Drops,2023-08,1053
Mumbai,Personal Care,FitGen,Pro,Vitamin D Drops,2023-09,1044
Mumbai,Personal Care,FitGen,Pro,Vitamin D Drops,2023-10,1216
Mumbai,Personal Care,FitGen,Pro,Vitamin D Drops,2023-11,1132
Mumbai,Personal Care,FitGen,Pro,Vitamin D Drops,2023-12,1057
Mumbai,Personal Care,FitGen,Pro,Vitamin D Drops,2024-01,1062
Mumbai,Personal Care,FitGen,Pro,Vitamin D Drops,2024-02,1025
Mumbai,Personal Care,FitGen,Pro,Vitamin D Drops,2024-03,1147
Mumbai,Personal Care,FitGen,Pro,Vitamin D Drops,2024-04,1152
Mumbai,Personal Care,FitGen,Pro,Vitamin D Drops,2024-05,1007
Mumbai,Personal Care,FitGen,Pro,Vitamin D Drops,2024-06,1169
Mumbai,Personal Care,FitGen,Pro,Vitamin D Drops,2024-07,1096
Mumbai,Personal Care,FitGen,Pro,Vitamin D Drops,2024-08,1076
Mumbai,Personal Care,FitGen,Pro,Vitamin D Drops,2024-09,1181
Mumbai,Personal Care,FitGen,Pro,Vitamin D Drops,2024-10,1096
Mumbai,Personal Care,FitGen,Pro,Vitamin D Drops,2024-11,1185
Mumbai,Personal Care,FitGen,Pro,Vitamin D Drops,2024-12,1365
Mumbai,Personal Care,FitGen,Pro,Vitamin D Drops,2025-01,1296
Mumbai,Personal Care,FitGen,Pro,Vitamin D Drops,2025-02,1264
Mumbai,Personal Care,FitGen,Pro,Vitamin D Drops,2025-03,1202
Mumbai,Personal Care,FitGen,Pro,Vitamin D Drops,2025-04,1059
Mumbai,Personal Care,FitGen,Pro,Vitamin D Drops,2025-05,987
Mumbai,Personal Care,FitGen,Pro,Vitamin D Drops,2025-06,1063
Bangalore,Supplements,PureLife,Essentials,Detox Tea,2020-01,1494
Bangalore,Supplements,PureLife,Essentials,Detox Tea,2020-02,1662
Bangalore,Supplements,PureLife,Essentials,Detox Tea,2020-03,1320
Bangalore,Supplements,PureLife,Essentials,Detox Tea,2020-04,1496
Bangalore,Supplements,PureLife,Essentials,Detox Tea,2020-05,1535
Bangalore,Supplements,PureLife,Essentials,Detox Tea,2020-06,1555
Bangalore,Supplements,PureLife,Essentials,Detox Tea,2020-07,1459
Bangalore,Supplements,PureLife,Essentials,Detox Tea,2020-08,1472
Bangalore,Supplements,PureLife,Essentials,Detox Tea,2020-09,1509
Bangalore,Supplements,PureLife,Essentials,Detox Tea,2020-10,1411
Bangalore,Supplements,PureLife,Essentials,Detox Tea,2020-11,1546
Bangalore,Supplements,PureLife,Essentials,Detox Tea,2020-12,1284
Bangalore,Supplements,PureLife,Essentials,Detox Tea,2021-01,1377
Bangalore,Supplements,PureLife,Essentials,Detox Tea,2021-02,1504
Bangalore,Supplements,PureLife,Essentials,Detox Tea,2021-03,1382
Bangalore,Supplements,PureLife,Essentials,Detox Tea,2021-04,1505
Bangalore,Supplements,PureLife,Essentials,Detox Tea,2021-05,1505
Bangalore,Supplements,PureLife,Essentials,Detox Tea,2021-06,1586
Bangalore,Supplements,PureLife,Essentials,Detox Tea,2021-07,1496
Bangalore,Supplements,PureLife,Essentials,Detox Tea,2021-08,1305
Bangalore,Supplements,PureLife,Essentials,Detox Tea,2021-09,1343
Bangalore,Supplements,PureLife,Essentials,Detox Tea,2021-10,1491
Bangalore,Supplements,PureLife,Essentials,Detox Tea,2021-11,1515
Bangalore,Supplements,PureLife,Essentials,Detox Tea,2021-12,1486
Bangalore,Supplements,PureLife,Essentials,Detox Tea,2022-01,1512
Bangalore,Supplements,PureLife,Essentials,Detox Tea,2022-02,1473
Bangalore,Supplements,PureLife,Essentials,Detox Tea,2022-03,1526
Bangalore,Supplements,PureLife,Essentials,Detox Tea,2022-04,1572
Bangalore,Supplements,PureLife,Essentials,Detox Tea,2022-05,1376
Bangalore,Supplements,PureLife,Essentials,Detox Tea,2022-06,1474
Bangalore,Supplements,PureLife,Essentials,Detox Tea,2022-07,1606
Bangalore,Supplements,PureLife,Essentials,Detox Tea,2022-08,1496
Bangalore,Supplements,PureLife,Essentials,Detox Tea,2022-09,1464
Bangalore,Supplements,PureLife,Essentials,Detox Tea,2022-10,1508
Bangalore,Supplements,PureLife,Essentials,Detox Tea,2022-11,1367
Bangalore,Supplements,PureLife,Essentials,Detox Tea,2022-12,1506
Bangalore,Supplements,PureLife,Essentials,Detox Tea,2023-01,1458
Bangalore,Supplements,PureLife,Essentials,Detox Tea,2023-02,1497
Bangalore,Supplements,PureLife,Essentials,Detox Tea,2023-03,1467
Bangalore,Supplements,PureLife,Essentials,Detox Tea,2023-04,1500
Bangalore,Supplements,PureLife,Essentials,Detox Tea,2023-05,1454
Bangalore,Supplements,PureLife,Essentials,Detox Tea,2023-06,1544
Bangalore,Supplements,PureLife,Essentials,Detox Tea,2023-07,1380
Bangalore,Supplements,PureLife,Essentials,Detox Tea,2023-08,1546
Bangalore,Supplements,PureLife,Essentials,Detox Tea,2023-09,1645
Bangalore,Supplements,PureLife,Essentials,Detox Tea,2023-10,1796
Bangalore,Supplements,PureLife,Essentials,Detox Tea,2023-11,1609
Bangalore,Supplements,PureLife,Essentials,Detox Tea,2023-12,1643
Bangalore,Supplements,PureLife,Essentials,Detox Tea,2024-01,1534
Bangalore,Supplements,PureLife,Essentials,Detox Tea,2024-02,1496
Bangalore,Supplements,PureLife,Essentials,Detox Tea,2024-03,1441
Bangalore,Supplements,PureLife,Essentials,Detox Tea,2024-04,1669
Bangalore,Supplements,PureLife,Essentials,Detox Tea,2024-05,1564
Bangalore,Supplements,PureLife,Essentials,Detox Tea,2024-06,1380
Bangalore,Supplements,PureLife,Essentials,Detox Tea,2024-07,1590
Bangalore,Supplements,PureLife,Essentials,Detox Tea,2024-08,1313
Bangalore,Supplements,PureLife,Essentials,Detox Tea,2024-09,1575
Bangalore,Supplements,PureLife,Essentials,Detox Tea,2024-10,1549
Bangalore,Supplements,PureLife,Essentials,Detox Tea,2024-11,1711
Bangalore,Supplements,PureLife,Essentials,Detox Tea,2024-12,1557
Bangalore,Supplements,PureLife,Essentials,Detox Tea,2025-01,1506
Bangalore,Supplements,PureLife,Essentials,Detox Tea,2025-02,1515
Bangalore,Supplements,PureLife,Essentials,Detox Tea,2025-03,1477
Bangalore,Supplements,PureLife,Essentials,Detox Tea,2025-04,1626
Bangalore,Supplements,PureLife,Essentials,Detox Tea,2025-05,1569
Bangalore,Supplements,PureLife,Essentials,Detox Tea,2025-06,1460
